Field,Store,Dept,Weekly_Sales
count,2860,2860,2860
mean,5.5,1.5,34276.40367
min,2.872783602,0.500087436,28520.2767
std,1,1,3440.69
max,10,2,151090.5
